depot	r
Subcutaneous	0.21219174358152224
Visceral	0.23045986209484123
