depot	n	adipocyte_mean	adipocyte_median	adipocyte_max	adipocyte_pct_zero
visceral	587	0.06657731156041874	0.054367793271164	0.28094585002478	0.27597955706984667
