depot	n	adipocyte_mean	adipocyte_median	adipocyte_max	adipocyte_pct_zero
subcutaneous	714	0.08293319337834305	0.07040987394940125	0.315616304956084	0.15266106442577032
