ID	Description	GeneRatio	pvalue	p.adjust	qvalue	Count
hsa04382	Cornified envelope formation	5/28	3.760356677255146e-4	0.022562140063530876	0.02018717795158026	5
