feature	estimate	t	p	padj
thermogenesis_program	-0.5599820875199767	-2.126544539944149	0.05489169051509007	0.2744584525754503
lipolysis_core	-0.3940611049652686	-1.5326925772000295	0.15128213241238017	0.37820533103095044
acute_beta_adrenergic	0.4203713287019783	1.2246006974870964	0.24422249644977187	0.40703749408295314
adrenergic_receptors	-0.061663845520145665	-0.27316336284034476	0.7893719873416805	0.9009766543443914
senMayoLike_v2_z_signed	0.07569856730813508	0.12708650340827538	0.9009766543443914	0.9009766543443914
